year,state_fips,track_width_yards,injuries,fatalities,property_loss,track_width_yards,start_latitude,start_longitude,track_length_miles,severe
2011.0,1.0,500.0,0.0,0.0,102000.0,500.0,31.3645,-87.8856,3.28,False
2004.0,8.0,50.0,0.0,0.0,50000.0,50.0,39.92,-104.78,0.1,False
2019.0,19.0,100.0,0.0,0.0,50000.0,100.0,40.667,-91.9983,7.27,False
2011.0,27.0,300.0,0.0,0.0,250000.0,300.0,44.5412,-95.5519,2.61,False
1994.0,56.0,10.0,0.0,0.0,50000.0,10.0,41.92,-104.3,0.1,False
2002.0,21.0,100.0,0.0,0.0,100000.0,100.0,37.32,-86.25,3.0,False
1961.0,48.0,30.0,0.0,0.0,500000.0,30.0,33.38,-99.85,0.7,False
1980.0,6.0,10.0,0.0,0.0,50000.0,10.0,40.13,-122.22,0.1,False
2001.0,48.0,200.0,0.0,0.0,200000.0,200.0,29.05,-99.3,3.0,False
1954.0,18.0,10.0,0.0,0.0,50000.0,10.0,40.18,-85.37,0.1,False
2000.0,48.0,50.0,0.0,0.0,10000.0,50.0,35.15,-101.75,0.4,False
2018.0,30.0,200.0,0.0,0.0,50000.0,200.0,45.3753,-104.0813,6.6,False
1984.0,26.0,10.0,0.0,0.0,50000.0,10.0,42.92,-84.57,0.1,False
1958.0,48.0,50.0,0.0,0.0,500000.0,50.0,33.2,-96.58,15.4,False
2012.0,1.0,50.0,0.0,0.0,50000.0,50.0,31.7206,-86.272,0.18,False
1965.0,18.0,10.0,0.0,0.0,50000.0,10.0,41.15,-85.42,2.7,False
1995.0,12.0,10.0,0.0,0.0,5000.0,10.0,30.4,-86.87,0.1,False
2007.0,20.0,150.0,0.0,0.0,50000.0,150.0,38.16,-98.69,5.7,False
1973.0,9.0,10.0,0.0,0.0,50000.0,10.0,41.73,-72.73,0.1,False
1963.0,48.0,33.0,0.0,0.0,50000.0,33.0,32.58,-96.72,0.2,False
2001.0,48.0,50.0,0.0,0.0,50000.0,50.0,33.95,-101.07,0.2,False
2003.0,37.0,30.0,0.0,0.0,2000.0,30.0,35.27,-77.12,0.3,False
2009.0,56.0,25.0,0.0,0.0,50000.0,25.0,41.5891,-104.115,3.95,False
2015.0,17.0,10.0,0.0,0.0,50000.0,10.0,40.8716,-89.6204,0.15,False
1990.0,21.0,50.0,0.0,0.0,50000.0,50.0,37.1,-83.75,1.0,False
1976.0,26.0,100.0,10.0,0.0,50.0,100.0,44.13,-84.22,11.4,True
2007.0,5.0,150.0,0.0,0.0,125000.0,150.0,34.0,-91.35,8.5,False
1973.0,40.0,50.0,0.0,0.0,50000.0,50.0,33.88,-94.95,0.5,False
2017.0,1.0,150.0,0.0,0.0,50000.0,150.0,32.5626,-85.3572,1.07,False
1978.0,29.0,100.0,0.0,0.0,50000.0,100.0,38.42,-93.03,2.0,False
1991.0,55.0,73.0,0.0,0.0,500000.0,73.0,42.67,-89.02,4.0,False
2020.0,55.0,50.0,0.0,0.0,12000.0,50.0,42.5568,-88.4463,3.29,False
1979.0,12.0,30.0,0.0,0.0,5000.0,30.0,26.47,-80.07,0.1,False
1995.0,20.0,200.0,0.0,0.0,500000.0,200.0,37.47,-99.6,3.0,False
2001.0,48.0,20.0,0.0,0.0,50000.0,20.0,35.38,-101.47,0.1,False
2011.0,28.0,440.0,0.0,0.0,110000.0,440.0,32.6646,-88.8355,11.06,False
2009.0,13.0,100.0,0.0,0.0,5000.0,100.0,33.2615,-82.1822,2.2,False
1953.0,29.0,10.0,0.0,0.0,50000.0,10.0,37.55,-91.92,0.2,False
1972.0,13.0,50.0,0.0,0.0,5000.0,50.0,32.23,-83.4,0.3,False
1977.0,48.0,10.0,0.0,0.0,50000.0,10.0,32.1,-96.38,0.2,False
1996.0,18.0,100.0,0.0,0.0,200000.0,100.0,38.33,-87.25,0.8,False
2008.0,48.0,100.0,0.0,0.0,50000.0,100.0,27.69,-97.38,2.34,False
2013.0,22.0,20.0,0.0,0.0,10000.0,20.0,30.6825,-93.4706,1.04,False
1958.0,20.0,300.0,5.0,15.0,5000000.0,300.0,37.85,-97.02,9.0,True
2009.0,13.0,75.0,0.0,0.0,50000.0,75.0,31.1151,-81.6027,2.14,False
1995.0,40.0,20.0,0.0,0.0,50000.0,20.0,34.88,-99.52,0.1,False
1998.0,40.0,30.0,0.0,0.0,50000.0,30.0,35.1,-96.13,0.6,False
1986.0,1.0,140.0,0.0,0.0,50000.0,140.0,33.97,-87.82,6.8,False
1998.0,42.0,100.0,0.0,0.0,200000.0,100.0,39.88,-75.87,6.0,False
1974.0,55.0,30.0,0.0,0.0,5000.0,30.0,44.32,-89.52,2.5,False
2019.0,17.0,50.0,0.0,0.0,50000.0,50.0,38.3638,-90.1609,0.34,False
2006.0,22.0,50.0,0.0,0.0,50000.0,50.0,30.95,-90.28,0.5,False
2011.0,19.0,300.0,0.0,0.0,50000.0,300.0,41.9018,-95.9681,7.13,False
2008.0,13.0,600.0,0.0,0.0,56000.0,600.0,33.04,-82.23,10.43,False
1995.0,12.0,23.0,0.0,0.0,5000.0,23.0,30.37,-86.67,0.1,False
2002.0,17.0,200.0,1.0,0.0,440000.0,200.0,37.35,-88.72,22.0,True
2002.0,48.0,20.0,0.0,0.0,10000.0,20.0,30.18,-96.6,0.5,False
2022.0,39.0,150.0,0.0,0.0,150000.0,150.0,40.17,-83.7498,5.69,False
1954.0,37.0,100.0,4.0,0.0,500000.0,100.0,35.72,-77.9,0.5,True
1973.0,5.0,67.0,0.0,0.0,50000.0,67.0,33.62,-91.92,11.5,False
2005.0,45.0,75.0,0.0,0.0,10000.0,75.0,34.92,-82.72,8.0,False
2001.0,27.0,25.0,0.0,0.0,100000.0,25.0,48.7,-94.82,0.5,False
1998.0,5.0,50.0,0.0,0.0,50000.0,50.0,36.38,-92.57,0.1,False
2011.0,5.0,75.0,0.0,0.0,350000.0,75.0,34.5614,-94.2533,0.53,False
1979.0,8.0,27.0,0.0,0.0,500.0,27.0,38.82,-104.57,0.5,False
1978.0,48.0,10.0,0.0,0.0,50000.0,10.0,32.17,-99.57,0.1,False
1978.0,20.0,10.0,0.0,0.0,50.0,10.0,38.42,-97.3,0.1,False
1983.0,40.0,40.0,0.0,0.0,500.0,40.0,34.5,-99.13,12.0,False
1992.0,37.0,30.0,3.0,0.0,50000.0,30.0,35.37,-80.57,0.5,True
2000.0,8.0,440.0,0.0,0.0,50000.0,440.0,40.38,-104.25,8.0,False
1984.0,20.0,10.0,0.0,0.0,50000.0,10.0,37.7,-100.87,0.1,False
2013.0,8.0,75.0,0.0,0.0,50000.0,75.0,37.68,-106.01,0.1,False
2015.0,1.0,50.0,0.0,0.0,5000.0,50.0,31.3205,-85.5041,0.02,False
1965.0,46.0,10.0,0.0,0.0,50000.0,10.0,45.2,-100.3,0.1,False
2018.0,29.0,40.0,0.0,0.0,20000.0,40.0,37.01,-94.17,1.1,False
1989.0,48.0,447.0,0.0,0.0,50000.0,447.0,32.02,-94.42,6.0,False
2009.0,21.0,75.0,0.0,0.0,200000.0,75.0,36.7051,-88.3202,0.26,False
1984.0,49.0,10.0,0.0,0.0,50.0,10.0,40.17,-111.67,0.1,False
2002.0,20.0,75.0,0.0,0.0,50000.0,75.0,37.52,-99.72,2.2,False
1986.0,38.0,10.0,0.0,0.0,50000.0,10.0,47.5,-99.62,0.2,False
2015.0,38.0,100.0,0.0,0.0,50000.0,100.0,48.37,-97.24,2.0,False
2016.0,12.0,50.0,0.0,0.0,50000.0,50.0,26.0747,-80.3628,6.72,False
1995.0,8.0,10.0,0.0,0.0,50000.0,10.0,41.0,-103.05,1.5,False
2014.0,28.0,100.0,0.0,0.0,400000.0,100.0,31.455,-89.366,4.62,False
1974.0,48.0,67.0,0.0,1.0,50000.0,67.0,29.63,-94.37,9.6,True
1975.0,12.0,20.0,0.0,0.0,5000.0,20.0,27.45,-80.33,0.1,False
2010.0,46.0,30.0,0.0,0.0,50000.0,30.0,45.5,-99.16,0.19,False
1993.0,10.0,10.0,0.0,0.0,5000.0,10.0,38.92,-75.72,10.0,False
1986.0,26.0,400.0,0.0,0.0,500000.0,400.0,42.87,-83.8,5.6,False
2004.0,19.0,25.0,0.0,0.0,50000.0,25.0,41.82,-92.98,0.2,False
2019.0,19.0,25.0,0.0,0.0,50000.0,25.0,41.6882,-93.4278,1.59,False
2000.0,40.0,20.0,0.0,0.0,50000.0,20.0,36.85,-97.95,0.5,False
2022.0,13.0,25.0,0.0,0.0,50000.0,25.0,31.3122,-83.797,10.64,False
1959.0,31.0,10.0,0.0,0.0,5000.0,10.0,42.68,-99.65,0.1,False
1980.0,13.0,83.0,0.0,0.0,50000.0,83.0,31.85,-81.6,4.1,False
1997.0,19.0,10.0,0.0,0.0,50000.0,10.0,42.05,-90.32,0.1,False
1959.0,51.0,200.0,4.0,11.0,500000.0,200.0,38.05,-78.62,0.8,True
2008.0,56.0,10.0,0.0,0.0,50000.0,10.0,43.72,-105.87,0.02,False
2010.0,27.0,15.0,0.0,0.0,50000.0,15.0,46.48,-95.8478,0.36,False
1969.0,31.0,10.0,0.0,0.0,50000.0,10.0,40.38,-96.73,0.1,False
1963.0,40.0,10.0,0.0,0.0,50.0,10.0,36.73,-100.6,0.1,False
1973.0,39.0,67.0,0.0,0.0,5000.0,67.0,40.77,-84.48,0.1,False
2020.0,8.0,50.0,0.0,0.0,50000.0,50.0,40.8655,-102.2277,0.01,False
1992.0,26.0,20.0,0.0,0.0,50000.0,20.0,43.0,-84.87,0.1,False
1978.0,48.0,10.0,0.0,0.0,50000.0,10.0,34.18,-99.65,0.1,False
1990.0,29.0,50.0,0.0,0.0,50000.0,50.0,36.98,-93.28,0.2,False
2002.0,5.0,30.0,0.0,0.0,50000.0,30.0,33.62,-92.95,1.8,False
1971.0,29.0,50.0,12.0,0.0,5000000.0,50.0,39.72,-92.98,0.1,True
1959.0,48.0,10.0,0.0,0.0,50000.0,10.0,30.92,-102.9,0.1,False
2015.0,20.0,100.0,0.0,0.0,50000.0,100.0,38.8524,-100.689,5.67,False
1984.0,12.0,30.0,0.0,0.0,50000.0,30.0,27.22,-81.87,1.0,False
1978.0,27.0,100.0,0.0,0.0,50000.0,100.0,47.27,-93.15,1.0,False
1996.0,31.0,100.0,0.0,0.0,20000.0,100.0,41.72,-103.1,0.5,False
2000.0,38.0,20.0,0.0,0.0,50000.0,20.0,47.95,-97.5,0.5,False
2009.0,5.0,600.0,0.0,0.0,5112000.0,600.0,34.0628,-91.2735,33.37,False
1986.0,36.0,100.0,2.0,0.0,5000000.0,100.0,41.6,-74.47,0.5,True
2006.0,37.0,25.0,0.0,0.0,50000.0,25.0,35.82,-77.25,0.1,False
2020.0,45.0,400.0,0.0,0.0,50000.0,400.0,34.99,-83.055,3.97,False
1999.0,40.0,60.0,0.0,0.0,3000.0,60.0,35.4,-97.4,0.5,False
2019.0,18.0,30.0,0.0,0.0,3000.0,30.0,39.1322,-85.4821,0.05,False
1966.0,12.0,10.0,0.0,0.0,50000.0,10.0,29.48,-81.68,7.6,False
1995.0,20.0,50.0,0.0,0.0,50000.0,50.0,38.08,-101.43,0.2,False
1986.0,28.0,40.0,0.0,0.0,50000.0,40.0,33.17,-89.93,0.6,False
1997.0,8.0,50.0,0.0,0.0,50000.0,50.0,37.65,-105.92,0.5,False
2004.0,20.0,50.0,0.0,0.0,50000.0,50.0,38.82,-95.75,0.1,False
1998.0,17.0,30.0,0.0,0.0,50000.0,30.0,42.38,-89.97,0.1,False
1997.0,27.0,100.0,0.0,0.0,50000.0,100.0,44.4,-93.72,6.0,False
2015.0,17.0,25.0,0.0,0.0,50000.0,25.0,41.5337,-90.2518,0.1,False
1964.0,19.0,200.0,0.0,0.0,500000.0,200.0,41.6,-93.78,9.7,False
2019.0,20.0,50.0,0.0,0.0,50000.0,50.0,37.4181,-100.2255,1.54,False
2004.0,37.0,30.0,0.0,0.0,50000.0,30.0,35.23,-77.42,0.1,False
1958.0,18.0,10.0,0.0,0.0,50000.0,10.0,40.93,-87.15,0.1,False
1990.0,48.0,50.0,0.0,0.0,50000000.0,50.0,32.08,-98.47,4.0,False
1985.0,42.0,33.0,0.0,0.0,50000.0,33.0,41.72,-80.23,8.0,False
1953.0,42.0,67.0,2.0,0.0,50000.0,67.0,41.92,-79.63,2.0,True
1999.0,22.0,30.0,0.0,0.0,50000.0,30.0,31.75,-93.4,4.0,False
2000.0,45.0,20.0,0.0,0.0,50000.0,20.0,34.8,-81.53,1.0,False
1990.0,12.0,20.0,0.0,0.0,50.0,20.0,27.52,-82.53,1.0,False
2005.0,47.0,300.0,0.0,0.0,700000.0,300.0,35.97,-89.17,15.0,False
2011.0,27.0,300.0,0.0,0.0,250000.0,300.0,44.7979,-95.102,2.44,False
2003.0,46.0,100.0,0.0,0.0,200000.0,100.0,43.15,-96.87,3.5,False
2007.0,48.0,600.0,4.0,0.0,280000.0,600.0,35.13,-100.94,6.35,True
1972.0,54.0,70.0,0.0,0.0,5000.0,70.0,38.05,-82.17,20.9,False
1975.0,20.0,10.0,0.0,0.0,500000.0,10.0,38.0,-97.52,0.1,False
1982.0,48.0,10.0,0.0,0.0,50.0,10.0,35.47,-101.18,0.1,False
2018.0,22.0,75.0,0.0,0.0,5000.0,75.0,30.1758,-93.0467,0.98,False
2008.0,50.0,75.0,0.0,0.0,50000.0,75.0,44.7,-72.84,0.2,False
2015.0,20.0,30.0,0.0,0.0,50000.0,30.0,38.9241,-94.8649,0.23,False
1951.0,20.0,10.0,0.0,0.0,50.0,10.0,37.55,-99.63,0.1,False
1961.0,36.0,100.0,0.0,0.0,500000.0,100.0,43.0,-78.95,7.8,False
2021.0,1.0,150.0,2.0,0.0,100000.0,150.0,31.3984,-85.2407,4.09,True
2022.0,55.0,200.0,0.0,0.0,50000.0,200.0,45.2945,-88.013,6.6,False
1961.0,48.0,17.0,0.0,0.0,500.0,17.0,30.18,-96.97,0.2,False
1996.0,12.0,83.0,0.0,1.0,100000.0,83.0,27.83,-82.3,2.0,True
2020.0,37.0,50.0,0.0,0.0,150000.0,50.0,34.4017,-78.0595,7.82,False
1977.0,22.0,70.0,1.0,0.0,5000000.0,70.0,30.42,-90.43,1.7,True
1990.0,48.0,60.0,0.0,0.0,50000.0,60.0,34.23,-102.52,1.5,False
2005.0,12.0,75.0,0.0,0.0,440000.0,75.0,27.9,-82.8,0.7,False
1981.0,48.0,10.0,0.0,0.0,50000.0,10.0,32.73,-95.1,0.1,False
1969.0,28.0,10.0,0.0,0.0,50000.0,10.0,30.42,-88.83,0.1,False
1979.0,55.0,100.0,0.0,0.0,5000000.0,100.0,44.58,-91.47,17.6,False
1955.0,48.0,10.0,0.0,0.0,50.0,10.0,33.55,-101.92,3.8,False
1965.0,22.0,33.0,0.0,0.0,500.0,33.0,31.05,-92.0,0.5,False
1980.0,48.0,10.0,0.0,0.0,50000.0,10.0,33.28,-99.07,0.1,False
1972.0,20.0,80.0,0.0,0.0,500000.0,80.0,39.62,-100.45,2.3,False
1981.0,20.0,50.0,0.0,0.0,500000.0,50.0,37.42,-100.85,32.3,False
2021.0,51.0,50.0,0.0,0.0,5000.0,50.0,36.66,-76.72,1.38,False
1964.0,31.0,10.0,0.0,0.0,50000.0,10.0,40.82,-98.6,0.1,False
2022.0,4.0,10.0,0.0,0.0,50000.0,10.0,34.72,-112.26,0.1,False
1998.0,26.0,30.0,0.0,0.0,50000.0,30.0,44.67,-84.77,0.1,False
2003.0,17.0,35.0,0.0,0.0,10000.0,35.0,41.87,-90.17,0.2,False
2012.0,50.0,100.0,0.0,0.0,10000.0,100.0,44.6965,-72.2609,0.27,False
1991.0,37.0,10.0,0.0,0.0,50000.0,10.0,34.72,-76.85,0.1,False
1986.0,20.0,100.0,0.0,0.0,5000.0,100.0,37.03,-99.45,0.2,False
2001.0,20.0,110.0,0.0,0.0,50000.0,110.0,37.03,-97.42,1.0,False
1977.0,48.0,10.0,0.0,0.0,50000.0,10.0,34.82,-101.05,0.1,False
2020.0,12.0,25.0,0.0,0.0,50000.0,25.0,29.9394,-82.3885,0.01,False
2002.0,13.0,20.0,0.0,0.0,10000.0,20.0,31.45,-82.22,0.2,False
2012.0,12.0,10.0,0.0,0.0,5000.0,10.0,26.84,-81.52,0.01,False
1968.0,48.0,100.0,0.0,0.0,500.0,100.0,32.37,-97.42,0.1,False
1989.0,48.0,10.0,1.0,0.0,50000.0,10.0,29.52,-94.48,0.2,True
1965.0,26.0,300.0,142.0,5.0,5000000.0,300.0,43.02,-85.92,20.6,True
1987.0,46.0,20.0,0.0,0.0,50000.0,20.0,43.88,-99.72,0.2,False
2014.0,8.0,75.0,0.0,0.0,50000.0,75.0,38.374,-105.139,0.96,False
1982.0,22.0,10.0,0.0,0.0,50.0,10.0,31.18,-92.33,0.5,False
2001.0,46.0,100.0,0.0,0.0,50000.0,100.0,43.03,-103.85,5.0,False
2003.0,34.0,50.0,0.0,0.0,50000.0,50.0,40.67,-74.63,0.2,False
1980.0,27.0,100.0,0.0,0.0,500000.0,100.0,43.97,-91.85,5.7,False
2020.0,13.0,500.0,0.0,0.0,350000.0,500.0,31.42,-84.0,8.72,False
1983.0,26.0,500.0,0.0,0.0,50000.0,500.0,41.98,-84.1,5.9,False
2017.0,38.0,75.0,0.0,0.0,50000.0,75.0,47.25,-98.22,0.1,False
1992.0,27.0,40.0,0.0,0.0,50000.0,40.0,44.0,-95.85,13.0,False
1964.0,48.0,20.0,1.0,0.0,500.0,20.0,31.27,-100.8,1.0,True
1984.0,46.0,10.0,0.0,0.0,50000.0,10.0,43.47,-98.27,0.1,False
1986.0,48.0,10.0,0.0,0.0,50000.0,10.0,31.3,-96.9,0.2,False
1968.0,27.0,10.0,0.0,0.0,50000.0,10.0,45.62,-94.22,0.1,False
1960.0,56.0,33.0,0.0,0.0,50000.0,33.0,41.57,-106.95,1.0,False
2021.0,19.0,150.0,0.0,0.0,225000.0,150.0,42.1489,-94.282,18.83,False
2006.0,40.0,440.0,8.0,0.0,3050000.0,440.0,36.1,-95.1,29.0,True
2001.0,45.0,30.0,0.0,0.0,50000.0,30.0,33.82,-80.77,5.0,False
1997.0,25.0,100.0,0.0,0.0,50000.0,100.0,42.63,-72.88,8.5,False
1995.0,48.0,300.0,4.0,0.0,5000000.0,300.0,32.83,-97.25,10.0,True
1951.0,40.0,10.0,0.0,0.0,500.0,10.0,36.82,-100.53,0.1,False
1980.0,46.0,10.0,0.0,0.0,50000.0,10.0,44.75,-99.2,0.1,False
1959.0,40.0,300.0,0.0,0.0,5000.0,300.0,36.62,-95.27,1.0,False
2014.0,17.0,75.0,0.0,0.0,7000.0,75.0,37.5429,-89.0922,3.18,False
1967.0,5.0,10.0,0.0,0.0,50000.0,10.0,33.02,-91.9,0.1,False
1998.0,46.0,30.0,0.0,0.0,50000.0,30.0,43.37,-103.93,5.0,False
1973.0,21.0,10.0,2.0,0.0,50000.0,10.0,38.87,-84.38,4.0,True
1956.0,40.0,10.0,0.0,0.0,500.0,10.0,34.97,-97.93,35.4,False
1977.0,40.0,440.0,0.0,0.0,5000000.0,440.0,36.65,-102.4,38.6,False
1972.0,40.0,10.0,0.0,0.0,50000.0,10.0,36.13,-95.92,1.0,False
2005.0,28.0,600.0,6.0,0.0,11000000.0,600.0,32.13,-90.12,15.0,True
2005.0,40.0,150.0,0.0,0.0,50000.0,150.0,34.55,-98.25,3.5,False
2011.0,20.0,40.0,0.0,0.0,50000.0,40.0,38.8831,-94.6669,0.05,False
1995.0,19.0,30.0,0.0,0.0,50000.0,30.0,41.6,-90.28,0.2,False
1954.0,42.0,67.0,0.0,0.0,500.0,67.0,40.75,-78.67,1.0,False
1955.0,40.0,10.0,0.0,0.0,50000.0,10.0,36.35,-96.8,45.6,False
2012.0,8.0,50.0,0.0,0.0,50000.0,50.0,39.41,-104.67,0.1,False
2011.0,40.0,100.0,0.0,0.0,50000.0,100.0,36.1975,-94.5859,0.5,False
1979.0,35.0,10.0,0.0,0.0,50000.0,10.0,33.25,-103.32,0.1,False
1980.0,55.0,67.0,4.0,0.0,500000.0,67.0,43.48,-88.97,1.2,True
2000.0,20.0,50.0,0.0,0.0,50000.0,50.0,37.07,-95.95,0.2,False
1959.0,40.0,10.0,0.0,0.0,50000.0,10.0,36.77,-95.77,2.0,False
1984.0,56.0,10.0,0.0,0.0,5000.0,10.0,44.83,-108.38,0.5,False
2013.0,18.0,75.0,0.0,0.0,20000.0,75.0,38.45,-87.1,0.59,False
2018.0,45.0,100.0,0.0,0.0,50000.0,100.0,34.011,-81.2106,0.43,False
1972.0,12.0,100.0,1.0,0.0,500000.0,100.0,28.73,-80.75,1.0,True
1960.0,48.0,33.0,0.0,0.0,50000.0,33.0,31.1,-96.35,0.5,False
1995.0,8.0,10.0,0.0,0.0,50000.0,10.0,40.07,-104.3,0.5,False
1994.0,45.0,100.0,11.0,0.0,500000.0,100.0,33.87,-79.73,0.5,True
1971.0,17.0,10.0,0.0,0.0,50000.0,10.0,40.43,-90.7,0.1,False
2019.0,29.0,880.0,1.0,3.0,1015000.0,880.0,37.308,-94.2343,11.29,True
1988.0,55.0,20.0,0.0,0.0,50000.0,20.0,46.3,-90.92,4.0,False
1987.0,39.0,60.0,0.0,0.0,50000.0,60.0,41.38,-84.53,1.3,False
1996.0,48.0,50.0,0.0,0.0,40000.0,50.0,29.2,-96.28,0.5,False
1971.0,48.0,33.0,0.0,0.0,500000.0,33.0,30.43,-97.35,31.7,False
1996.0,20.0,30.0,0.0,0.0,50000.0,30.0,39.9,-100.87,1.0,False
1951.0,20.0,10.0,0.0,0.0,5000.0,10.0,39.35,-96.45,7.7,False
2004.0,12.0,1.0,0.0,0.0,50000.0,1.0,29.77,-81.38,2.0,False
1993.0,8.0,10.0,0.0,0.0,50000.0,10.0,39.05,-102.27,0.1,False
1998.0,17.0,300.0,0.0,0.0,50000.0,300.0,38.5,-89.03,4.0,False
1952.0,31.0,33.0,0.0,0.0,50000.0,33.0,41.2,-103.03,2.0,False
1999.0,37.0,30.0,5.0,0.0,200000.0,30.0,34.72,-78.78,0.1,True
1970.0,48.0,67.0,0.0,0.0,5000.0,67.0,30.35,-94.17,0.1,False
2020.0,48.0,150.0,5.0,0.0,50000.0,150.0,32.692,-97.1472,5.05,True
1979.0,27.0,100.0,0.0,0.0,5000000.0,100.0,43.93,-94.93,9.2,False
1992.0,48.0,10.0,0.0,0.0,50000.0,10.0,33.23,-97.48,0.1,False
2009.0,20.0,75.0,0.0,0.0,50000.0,75.0,38.28,-96.85,1.29,False
1966.0,29.0,150.0,26.0,0.0,5000000.0,150.0,38.78,-90.52,2.7,True
1956.0,13.0,33.0,0.0,0.0,5000.0,33.0,32.38,-83.1,0.3,False
1992.0,27.0,30.0,0.0,0.0,50000.0,30.0,44.32,-95.62,2.0,False
1970.0,53.0,10.0,0.0,0.0,50000.0,10.0,47.8,-117.7,0.1,False
1996.0,37.0,100.0,1.0,0.0,1000000.0,100.0,35.22,-77.58,1.0,True
2019.0,1.0,370.0,0.0,2.0,50000.0,370.0,34.6445,-87.4126,18.46,True
2002.0,20.0,100.0,0.0,0.0,30000.0,100.0,39.32,-95.2,0.2,False
2015.0,19.0,300.0,0.0,0.0,200000.0,300.0,41.1807,-94.5778,4.97,False
1980.0,38.0,10.0,0.0,0.0,50000.0,10.0,47.23,-102.33,0.1,False
2005.0,55.0,50.0,0.0,0.0,50000.0,50.0,43.95,-88.37,0.2,False
2010.0,22.0,50.0,0.0,0.0,20000.0,50.0,31.4846,-92.2055,0.38,False
1957.0,40.0,10.0,0.0,0.0,5000.0,10.0,34.87,-99.33,0.1,False
1952.0,42.0,400.0,0.0,0.0,500000.0,400.0,41.6,-80.3,0.5,False
1960.0,5.0,1500.0,0.0,0.0,500000.0,1500.0,34.12,-91.37,2.7,False
2000.0,27.0,10.0,0.0,0.0,50000.0,10.0,44.93,-95.9,0.1,False
1977.0,39.0,50.0,0.0,0.0,500000.0,50.0,41.0,-82.52,0.5,False
2021.0,38.0,40.0,0.0,0.0,50000.0,40.0,47.107,-97.3108,0.4,False
1993.0,31.0,200.0,0.0,0.0,5000000.0,200.0,41.25,-98.82,7.0,False
1956.0,56.0,13.0,0.0,0.0,50000.0,13.0,44.02,-105.78,1.0,False
2011.0,4.0,10.0,0.0,0.0,50000.0,10.0,34.52,-110.08,1.0,False
1996.0,40.0,25.0,0.0,0.0,50000.0,25.0,34.95,-98.28,0.1,False
1974.0,29.0,177.0,2.0,0.0,50000.0,177.0,37.02,-92.43,9.2,True
2009.0,24.0,25.0,2.0,0.0,10000.0,25.0,38.31,-76.0,0.26,True
1990.0,19.0,20.0,0.0,0.0,50.0,20.0,40.68,-95.58,0.1,False
2005.0,16.0,30.0,0.0,0.0,50000.0,30.0,44.17,-112.55,0.5,False
2017.0,17.0,75.0,0.0,0.0,45000.0,75.0,40.3299,-87.6387,0.29,False
1993.0,37.0,30.0,0.0,0.0,500000.0,30.0,35.9,-77.5,5.0,False
1981.0,55.0,50.0,3.0,0.0,500000.0,50.0,42.88,-88.93,28.7,True
2015.0,40.0,1000.0,0.0,0.0,2000000.0,1000.0,35.9727,-95.7615,16.0,False
1989.0,22.0,60.0,60.0,0.0,5000000.0,60.0,30.52,-91.25,9.5,True
1996.0,45.0,50.0,0.0,0.0,50000.0,50.0,33.5,-80.85,0.3,False
1985.0,46.0,10.0,0.0,0.0,50000.0,10.0,44.0,-102.17,0.1,False
1960.0,36.0,150.0,0.0,0.0,50000.0,150.0,42.7,-77.7,0.5,False
1972.0,12.0,10.0,0.0,0.0,500.0,10.0,30.5,-87.28,0.3,False
2003.0,40.0,25.0,0.0,0.0,50000.0,25.0,35.33,-98.53,0.2,False
2019.0,8.0,25.0,0.0,0.0,50000.0,25.0,40.52,-102.06,0.01,False
1971.0,31.0,10.0,0.0,0.0,50000.0,10.0,40.82,-97.92,5.9,False
2000.0,12.0,10.0,0.0,0.0,50000.0,10.0,26.07,-80.25,0.1,False
1991.0,26.0,10.0,0.0,0.0,50000.0,10.0,42.45,-85.63,0.2,False
2019.0,46.0,720.0,0.0,0.0,50000.0,720.0,43.243,-101.97,5.82,False
2008.0,37.0,75.0,0.0,0.0,75000.0,75.0,36.22,-77.12,0.6,False
1999.0,34.0,100.0,1.0,0.0,4200000.0,100.0,39.55,-74.25,0.4,True
2003.0,40.0,75.0,0.0,0.0,50000.0,75.0,34.88,-94.47,2.5,False
2019.0,13.0,100.0,0.0,0.0,50000.0,100.0,33.5354,-82.2159,1.52,False
1977.0,22.0,50.0,0.0,0.0,50000.0,50.0,30.22,-92.15,23.1,False
2018.0,19.0,100.0,0.0,0.0,5000.0,100.0,41.8284,-94.1545,2.78,False
2019.0,48.0,20.0,0.0,0.0,50000.0,20.0,29.5465,-96.3659,0.51,False
1978.0,27.0,40.0,0.0,0.0,500.0,40.0,46.63,-94.87,0.1,False
2004.0,17.0,70.0,0.0,0.0,10000.0,70.0,41.55,-89.35,1.0,False
1965.0,47.0,10.0,0.0,0.0,5000.0,10.0,36.12,-86.42,0.1,False
2022.0,13.0,100.0,0.0,0.0,50000.0,100.0,32.197,-82.4034,0.42,False
1988.0,48.0,10.0,0.0,0.0,50000.0,10.0,32.28,-97.77,0.2,False
2014.0,55.0,400.0,0.0,0.0,3500000.0,400.0,43.0123,-90.4216,29.07,False
2010.0,40.0,500.0,10.0,4.0,1935000.0,500.0,35.9977,-94.5655,21.1,True
2008.0,19.0,30.0,0.0,0.0,75000.0,30.0,40.67,-93.08,2.01,False
1978.0,56.0,160.0,0.0,0.0,50000.0,160.0,42.65,-105.18,3.0,False
1961.0,13.0,50.0,0.0,0.0,50000.0,50.0,32.93,-85.15,0.8,False
1966.0,29.0,50.0,0.0,0.0,50000.0,50.0,39.22,-92.0,0.3,False
1998.0,17.0,250.0,1.0,0.0,450000.0,250.0,38.42,-89.08,5.5,True
1970.0,13.0,10.0,0.0,0.0,50000.0,10.0,33.03,-82.32,0.1,False
1956.0,39.0,880.0,0.0,0.0,500000.0,880.0,41.6,-80.95,23.9,False
1979.0,48.0,10.0,0.0,0.0,50000.0,10.0,34.03,-99.53,0.1,False
1967.0,5.0,100.0,0.0,0.0,5000000.0,100.0,33.12,-91.97,2.0,False
1997.0,40.0,30.0,0.0,0.0,50000.0,30.0,35.3,-95.6,0.1,False
1982.0,13.0,30.0,0.0,0.0,50000.0,30.0,31.7,-83.3,1.0,False
1990.0,28.0,100.0,1.0,0.0,500000.0,100.0,31.87,-89.97,5.0,True
1954.0,37.0,27.0,0.0,0.0,500000.0,27.0,34.22,-77.78,2.0,False
1983.0,38.0,17.0,0.0,0.0,5000.0,17.0,46.02,-101.25,0.3,False
1974.0,38.0,10.0,0.0,0.0,500000.0,10.0,47.93,-99.42,3.8,False
1956.0,40.0,400.0,0.0,0.0,50000.0,400.0,35.4,-98.15,16.2,False
1975.0,13.0,100.0,1.0,0.0,50000.0,100.0,32.2,-82.32,2.0,True
1976.0,38.0,10.0,0.0,0.0,50000.0,10.0,48.43,-97.42,0.1,False
2003.0,46.0,25.0,0.0,0.0,50000.0,25.0,43.95,-99.87,0.1,False
2010.0,29.0,325.0,0.0,0.0,50000.0,325.0,38.6648,-90.3403,4.36,False
1954.0,8.0,17.0,0.0,0.0,500.0,17.0,39.98,-104.82,0.1,False
2003.0,51.0,35.0,0.0,0.0,100000.0,35.0,37.35,-79.95,0.5,False
2009.0,20.0,50.0,0.0,0.0,50000.0,50.0,38.51,-98.93,0.2,False
2022.0,22.0,200.0,0.0,0.0,12000.0,200.0,32.0323,-93.0364,3.67,False
1979.0,48.0,40.0,0.0,0.0,50000.0,40.0,29.37,-98.3,0.3,False
2011.0,48.0,60.0,0.0,0.0,20000.0,60.0,33.6057,-95.7824,4.02,False
1954.0,29.0,100.0,0.0,0.0,500000.0,100.0,38.25,-93.13,1.0,False
1971.0,29.0,33.0,6.0,0.0,50000.0,33.0,36.85,-89.35,1.0,True
2006.0,29.0,40.0,0.0,0.0,50000.0,40.0,38.68,-90.92,0.5,False
2000.0,19.0,10.0,0.0,0.0,50000.0,10.0,42.38,-93.27,0.1,False
1980.0,48.0,10.0,0.0,0.0,50000.0,10.0,33.18,-99.25,0.1,False
1983.0,21.0,100.0,0.0,0.0,5000.0,100.0,37.08,-83.2,2.0,False
1990.0,17.0,50.0,0.0,0.0,50000.0,50.0,39.32,-88.0,0.5,False
2019.0,29.0,75.0,0.0,0.0,20000.0,75.0,36.6596,-93.2579,1.02,False
1980.0,46.0,10.0,0.0,0.0,5000.0,10.0,44.12,-97.22,0.1,False
1959.0,48.0,100.0,0.0,0.0,5000.0,100.0,32.45,-99.7,4.1,False
2011.0,1.0,100.0,0.0,0.0,29000.0,100.0,33.2477,-86.5256,4.38,False
2019.0,19.0,75.0,0.0,0.0,50000.0,75.0,41.5689,-91.7208,10.76,False
1983.0,26.0,13.0,0.0,0.0,500.0,13.0,43.62,-85.53,0.6,False
2005.0,20.0,30.0,0.0,0.0,50000.0,30.0,37.47,-101.43,0.5,False
2021.0,8.0,25.0,0.0,0.0,50000.0,25.0,39.93,-103.95,0.01,False
1998.0,42.0,50.0,0.0,0.0,50000.0,50.0,40.48,-78.9,5.0,False
2010.0,5.0,150.0,0.0,0.0,200000.0,150.0,35.2105,-91.6726,2.41,False
2008.0,22.0,10.0,0.0,0.0,15000.0,10.0,30.08,-91.83,0.26,False
1990.0,48.0,50.0,0.0,0.0,50000.0,50.0,31.78,-93.98,4.0,False
1994.0,37.0,10.0,0.0,0.0,500000.0,10.0,35.67,-79.78,0.1,False
2021.0,1.0,125.0,0.0,0.0,100000.0,125.0,31.3194,-85.5045,0.65,False
2013.0,47.0,50.0,0.0,0.0,45000.0,50.0,36.4594,-86.3364,5.84,False
1965.0,39.0,10.0,0.0,0.0,50000.0,10.0,41.0,-84.1,0.1,False
2017.0,28.0,600.0,0.0,0.0,120000.0,600.0,32.609,-89.4624,10.55,False
1979.0,5.0,77.0,0.0,0.0,5000000.0,77.0,34.82,-92.22,0.8,False
2019.0,6.0,50.0,0.0,0.0,50000.0,50.0,35.32,-118.76,0.2,False
2006.0,35.0,200.0,0.0,0.0,50000.0,200.0,32.22,-107.61,1.0,False
2001.0,12.0,5.0,0.0,0.0,40000.0,5.0,26.88,-82.03,15.5,False
1996.0,28.0,300.0,0.0,0.0,30000.0,300.0,31.4,-89.13,12.0,False
1961.0,55.0,10.0,0.0,0.0,5000.0,10.0,45.2,-89.92,1.0,False
2010.0,18.0,50.0,0.0,0.0,500000.0,50.0,41.5713,-85.8311,1.05,False
2003.0,38.0,40.0,0.0,0.0,50000.0,40.0,46.13,-98.1,2.0,False
2017.0,27.0,500.0,0.0,0.0,475000.0,500.0,47.22,-96.51,12.81,False
2003.0,1.0,20.0,0.0,0.0,50000.0,20.0,34.77,-85.92,1.0,False
1979.0,17.0,30.0,0.0,0.0,50000.0,30.0,41.33,-90.02,3.0,False
1996.0,42.0,67.0,0.0,0.0,400000.0,67.0,40.85,-75.43,10.0,False
1982.0,29.0,50.0,0.0,0.0,500.0,50.0,38.45,-93.05,1.0,False
1972.0,33.0,40.0,0.0,0.0,5000.0,40.0,42.75,-71.43,0.9,False
2007.0,46.0,50.0,0.0,0.0,50000.0,50.0,42.87,-97.5,0.1,False
1958.0,25.0,100.0,0.0,0.0,5000.0,100.0,42.58,-72.5,1.0,False
2022.0,21.0,100.0,0.0,0.0,3000.0,100.0,36.6975,-87.0981,5.88,False
2013.0,40.0,25.0,0.0,0.0,50000.0,25.0,36.7996,-100.33,0.82,False
1999.0,17.0,20.0,0.0,0.0,50000.0,20.0,40.72,-88.73,2.0,False
1976.0,26.0,93.0,0.0,0.0,500000.0,93.0,42.5,-84.6,18.9,False
1991.0,31.0,50.0,0.0,0.0,50000.0,50.0,40.42,-97.45,1.0,False
1990.0,36.0,17.0,3.0,0.0,50000.0,17.0,40.57,-74.1,2.0,True
2022.0,13.0,280.0,0.0,0.0,1000000.0,280.0,31.3039,-83.9463,1.96,False
1993.0,20.0,20.0,0.0,0.0,50000.0,20.0,38.02,-100.93,16.0,False
1973.0,37.0,10.0,1.0,0.0,500000.0,10.0,36.52,-81.13,0.1,True
1990.0,48.0,10.0,0.0,0.0,50000.0,10.0,31.65,-97.13,0.2,False
2004.0,17.0,30.0,0.0,0.0,50000.0,30.0,41.07,-90.13,2.8,False
1975.0,31.0,10.0,0.0,0.0,50000.0,10.0,40.3,-98.95,0.2,False
1968.0,48.0,100.0,0.0,0.0,500.0,100.0,36.03,-100.27,0.1,False
1975.0,12.0,50.0,0.0,0.0,50000.0,50.0,28.07,-81.78,2.5,False
2017.0,1.0,400.0,0.0,0.0,50000.0,400.0,32.1438,-86.5919,2.9,False
1971.0,12.0,100.0,3.0,0.0,50000.0,100.0,27.13,-82.47,4.9,True
1970.0,48.0,10.0,1.0,0.0,50000.0,10.0,33.58,-102.33,0.1,True
1973.0,42.0,67.0,0.0,0.0,500000.0,67.0,41.23,-76.98,1.6,False
2005.0,28.0,50.0,0.0,0.0,50000.0,50.0,31.73,-89.48,3.0,False
1972.0,40.0,10.0,0.0,0.0,50000.0,10.0,34.5,-96.1,0.1,False
1967.0,48.0,10.0,0.0,0.0,5000.0,10.0,29.67,-98.07,0.1,False
1984.0,5.0,200.0,2.0,0.0,50000000.0,200.0,35.73,-90.87,49.0,True
1993.0,1.0,10.0,0.0,0.0,50000.0,10.0,34.87,-87.53,0.2,False
1978.0,29.0,10.0,0.0,0.0,50000.0,10.0,37.72,-91.55,0.1,False
1994.0,55.0,50.0,0.0,0.0,50000.0,50.0,44.1,-90.83,0.5,False
1967.0,12.0,250.0,50.0,1.0,5000000.0,250.0,30.07,-85.57,7.1,True
1999.0,39.0,200.0,0.0,0.0,250000.0,200.0,41.4,-81.6,4.0,False
2000.0,48.0,50.0,0.0,0.0,50000.0,50.0,33.63,-101.98,0.5,False
2000.0,37.0,50.0,0.0,0.0,20000.0,50.0,34.9,-77.53,0.2,False
1975.0,17.0,10.0,0.0,0.0,500000.0,10.0,40.25,-90.02,18.6,False
2019.0,29.0,25.0,0.0,0.0,50000.0,25.0,38.9152,-94.2683,0.68,False
2001.0,40.0,100.0,0.0,0.0,50000.0,100.0,35.18,-95.05,1.0,False
1973.0,20.0,133.0,0.0,0.0,50000.0,133.0,39.5,-101.63,0.2,False
2019.0,48.0,50.0,0.0,0.0,50000.0,50.0,30.3232,-103.0242,0.08,False
1955.0,48.0,10.0,0.0,0.0,50000.0,10.0,32.08,-96.47,0.1,False
2019.0,27.0,500.0,0.0,0.0,50000.0,500.0,48.0519,-92.6779,5.72,False
2017.0,5.0,200.0,0.0,0.0,300000.0,200.0,34.5279,-92.7723,1.85,False
1976.0,38.0,10.0,0.0,0.0,50000.0,10.0,47.9,-99.9,0.1,False
2007.0,20.0,75.0,0.0,0.0,50000.0,75.0,37.21,-99.67,6.04,False
1963.0,46.0,160.0,0.0,0.0,50000.0,160.0,45.72,-98.87,2.3,False
1984.0,37.0,10.0,0.0,0.0,50000.0,10.0,35.73,-76.8,0.6,False
2003.0,48.0,50.0,0.0,0.0,50000.0,50.0,35.5,-100.27,0.1,False
1970.0,33.0,17.0,0.0,0.0,50000.0,17.0,43.7,-71.33,0.1,False
2003.0,48.0,20.0,0.0,0.0,50000.0,20.0,32.08,-100.33,0.8,False
2016.0,17.0,10.0,0.0,0.0,50000.0,10.0,40.0449,-87.7278,0.1,False
1999.0,8.0,0.0,0.0,0.0,50000.0,0.0,40.85,-102.68,0.1,False
2008.0,20.0,715.0,0.0,0.0,50000.0,715.0,38.61,-99.88,9.01,False
1951.0,18.0,400.0,0.0,0.0,500000.0,400.0,41.6,-87.33,0.3,False
2013.0,31.0,35.0,0.0,0.0,50000.0,35.0,41.56,-99.26,0.25,False
1997.0,41.0,10.0,0.0,0.0,10000.0,10.0,45.0,-123.22,0.5,False
1997.0,13.0,73.0,0.0,0.0,3000.0,73.0,32.62,-84.92,1.0,False
2017.0,45.0,150.0,0.0,0.0,50000.0,150.0,33.287,-80.445,3.08,False
1973.0,50.0,27.0,0.0,0.0,50000.0,27.0,44.42,-73.17,0.1,False
2001.0,27.0,25.0,0.0,0.0,50000.0,25.0,45.93,-95.2,0.1,False
1997.0,12.0,10.0,0.0,0.0,30000.0,10.0,27.37,-82.52,0.1,False
2020.0,45.0,100.0,0.0,0.0,25000.0,100.0,34.644,-81.19,4.57,False
2004.0,45.0,15.0,0.0,0.0,50000.0,15.0,34.52,-82.87,0.1,False
1957.0,29.0,17.0,0.0,0.0,50.0,17.0,37.42,-90.97,0.2,False
1964.0,27.0,300.0,0.0,0.0,500000.0,300.0,45.58,-94.78,4.3,False
2002.0,31.0,10.0,0.0,0.0,10000.0,10.0,42.35,-99.85,0.1,False
2009.0,20.0,50.0,0.0,0.0,50000.0,50.0,37.658,-100.14,0.3,False
1972.0,13.0,30.0,1.0,0.0,50000.0,30.0,31.12,-83.53,0.3,True
2018.0,55.0,100.0,0.0,0.0,50000.0,100.0,43.6823,-88.6637,4.44,False
1953.0,28.0,10.0,1.0,0.0,50000.0,10.0,33.6,-88.62,18.7,True
1973.0,42.0,10.0,0.0,0.0,50.0,10.0,39.67,-76.58,0.1,False
1972.0,48.0,20.0,0.0,0.0,50000.0,20.0,33.68,-101.98,0.3,False
2011.0,5.0,200.0,0.0,0.0,50000.0,200.0,33.834,-93.1313,3.96,False
2004.0,37.0,20.0,0.0,0.0,50000.0,20.0,35.28,-78.93,0.5,False
1971.0,39.0,200.0,0.0,0.0,5000000.0,200.0,41.08,-84.0,39.6,False
2000.0,46.0,50.0,0.0,0.0,50000.0,50.0,43.1,-96.52,0.1,False
1999.0,29.0,250.0,0.0,0.0,240000.0,250.0,37.73,-91.82,2.0,False
1974.0,18.0,50.0,0.0,0.0,50000.0,50.0,39.8,-85.52,1.0,False
1983.0,1.0,80.0,1.0,0.0,500000.0,80.0,31.28,-86.63,15.0,True
1955.0,1.0,167.0,0.0,0.0,5000.0,167.0,31.32,-85.82,17.3,False
2018.0,19.0,25.0,0.0,0.0,50000.0,25.0,41.5479,-93.2512,0.43,False
2011.0,1.0,200.0,0.0,0.0,3910000.0,200.0,32.4359,-88.3288,8.92,False
2007.0,45.0,60.0,0.0,0.0,100000.0,60.0,32.88,-80.93,1.0,False
2001.0,1.0,30.0,0.0,0.0,70000.0,30.0,33.6,-86.17,3.5,False
1972.0,48.0,10.0,0.0,0.0,5000.0,10.0,29.6,-95.17,0.1,False
1968.0,13.0,33.0,0.0,0.0,50000.0,33.0,33.9,-83.4,2.0,False
2002.0,28.0,20.0,0.0,0.0,10000.0,20.0,31.25,-88.75,0.1,False
2018.0,22.0,900.0,0.0,0.0,15000.0,900.0,30.1411,-93.4728,6.49,False
1999.0,40.0,50.0,0.0,0.0,1000.0,50.0,35.67,-95.2,0.5,False
1958.0,1.0,10.0,0.0,0.0,50000.0,10.0,34.73,-86.62,0.1,False
1953.0,12.0,10.0,0.0,0.0,50.0,10.0,25.83,-80.3,0.1,False
1997.0,46.0,30.0,0.0,0.0,50000.0,30.0,45.03,-100.52,0.3,False
2002.0,19.0,40.0,0.0,0.0,1000.0,40.0,41.9,-94.68,0.5,False
2005.0,13.0,50.0,0.0,0.0,50000.0,50.0,30.95,-84.73,3.0,False
2007.0,31.0,100.0,0.0,0.0,50000.0,100.0,41.78,-98.18,0.5,False
2012.0,47.0,200.0,0.0,0.0,100000.0,200.0,36.5815,-83.5322,2.5,False
2021.0,19.0,80.0,0.0,0.0,50000.0,80.0,42.6852,-94.5062,7.1,False
1957.0,55.0,10.0,0.0,0.0,5000.0,10.0,44.12,-87.78,0.1,False
1983.0,46.0,10.0,0.0,0.0,5000.0,10.0,42.77,-96.63,0.2,False
1987.0,26.0,20.0,0.0,0.0,5000.0,20.0,43.7,-84.97,0.4,False
1993.0,45.0,10.0,0.0,0.0,50000.0,10.0,34.83,-82.57,0.1,False
2005.0,22.0,75.0,0.0,0.0,10000.0,75.0,31.65,-91.4,1.0,False
2019.0,55.0,10.0,0.0,0.0,50000.0,10.0,44.1736,-89.4987,0.15,False
1981.0,22.0,10.0,0.0,0.0,50.0,10.0,29.98,-90.23,0.1,False
1965.0,46.0,50.0,0.0,0.0,50000.0,50.0,43.58,-97.38,7.2,False
1956.0,20.0,27.0,0.0,0.0,5000.0,27.0,39.25,-94.9,0.8,False
2021.0,1.0,305.0,0.0,0.0,50000.0,305.0,34.1591,-87.1281,1.19,False
2014.0,38.0,25.0,0.0,0.0,50000.0,25.0,46.85,-97.29,0.1,False
1976.0,19.0,33.0,0.0,0.0,5000.0,33.0,43.15,-94.9,26.9,False
1995.0,48.0,60.0,0.0,0.0,50000.0,60.0,31.88,-104.65,0.5,False
1952.0,22.0,200.0,5.0,0.0,50000.0,200.0,32.35,-94.0,0.5,True
2003.0,20.0,880.0,34.0,5.0,23900000.0,880.0,37.08,-94.95,25.0,True
1984.0,40.0,100.0,0.0,0.0,5000.0,100.0,35.12,-97.43,6.8,False
2003.0,48.0,50.0,0.0,0.0,50000.0,50.0,35.17,-100.7,0.5,False
1961.0,40.0,10.0,0.0,0.0,50000.0,10.0,36.4,-96.5,0.1,False
1993.0,5.0,500.0,0.0,0.0,500000.0,500.0,35.88,-92.68,16.5,False
1979.0,45.0,60.0,0.0,0.0,500.0,60.0,32.73,-79.93,2.0,False
1995.0,20.0,20.0,0.0,0.0,50000.0,20.0,39.75,-101.68,0.1,False
1990.0,45.0,80.0,0.0,0.0,500000.0,80.0,34.85,-82.4,3.0,False
1971.0,46.0,10.0,0.0,0.0,50000.0,10.0,44.17,-98.98,0.1,False
1981.0,48.0,77.0,2.0,0.0,500000.0,77.0,30.77,-96.0,2.5,True
1978.0,48.0,10.0,0.0,0.0,50.0,10.0,34.07,-102.55,0.1,False
1971.0,22.0,500.0,510.0,47.0,50000000.0,500.0,32.38,-91.47,109.2,True
1999.0,22.0,200.0,0.0,0.0,50000.0,200.0,29.95,-92.18,2.0,False
1997.0,23.0,50.0,0.0,0.0,50000.0,50.0,44.58,-69.85,0.2,False
1969.0,48.0,10.0,0.0,0.0,50000.0,10.0,35.78,-102.55,1.0,False
1959.0,29.0,17.0,0.0,0.0,50000.0,17.0,36.62,-92.45,0.2,False
2014.0,17.0,100.0,0.0,0.0,50000.0,100.0,41.2674,-90.6666,3.7,False
1991.0,20.0,50.0,0.0,0.0,5000.0,50.0,37.92,-96.78,0.5,False
2014.0,12.0,15.0,0.0,0.0,50000.0,15.0,28.4592,-80.992,0.25,False
2008.0,56.0,10.0,1.0,0.0,10000.0,10.0,43.53,-109.63,0.04,True
1968.0,22.0,33.0,0.0,0.0,50000.0,33.0,32.75,-91.72,0.5,False
2021.0,47.0,100.0,1.0,0.0,1250000.0,100.0,36.1424,-86.5901,7.67,True
1977.0,31.0,17.0,0.0,0.0,500000.0,17.0,40.92,-98.4,0.5,False
2011.0,29.0,250.0,0.0,0.0,50000.0,250.0,38.7362,-90.9388,7.35,False
1993.0,12.0,30.0,0.0,0.0,50000.0,30.0,27.25,-80.83,0.1,False
1979.0,17.0,50.0,0.0,0.0,50000.0,50.0,39.65,-87.75,0.5,False
2004.0,29.0,50.0,0.0,0.0,50000.0,50.0,40.52,-95.13,0.5,False
1998.0,18.0,30.0,0.0,0.0,50000.0,30.0,41.37,-85.05,0.1,False
1991.0,19.0,60.0,0.0,0.0,500000.0,60.0,40.7,-93.37,9.0,False
1967.0,13.0,27.0,0.0,0.0,5000.0,27.0,32.93,-84.92,20.8,False
1971.0,28.0,10.0,0.0,0.0,50000.0,10.0,30.4,-89.02,0.1,False
1967.0,19.0,100.0,0.0,0.0,500000.0,100.0,42.0,-93.6,14.4,False
1966.0,46.0,10.0,0.0,0.0,50000.0,10.0,43.2,-101.0,0.1,False
2010.0,40.0,30.0,0.0,0.0,50000.0,30.0,34.188,-97.205,0.5,False
2017.0,39.0,100.0,0.0,0.0,200000.0,100.0,41.1033,-82.6929,0.59,False
1957.0,40.0,10.0,0.0,0.0,500.0,10.0,36.17,-99.8,0.1,False
1994.0,31.0,50.0,1.0,0.0,50000.0,50.0,41.02,-97.62,0.3,True
2011.0,48.0,500.0,0.0,0.0,50000.0,500.0,32.4821,-99.381,5.95,False
1976.0,8.0,33.0,0.0,0.0,50000.0,33.0,39.77,-104.68,0.1,False
2011.0,5.0,450.0,0.0,0.0,25000.0,450.0,36.2418,-94.533,2.8,False
1957.0,47.0,200.0,0.0,0.0,50000.0,200.0,36.32,-88.85,2.0,False
1966.0,20.0,200.0,2.0,1.0,500000.0,200.0,39.17,-95.18,19.9,True
1959.0,35.0,10.0,0.0,0.0,5000.0,10.0,32.73,-103.1,0.5,False
1987.0,22.0,150.0,3.0,0.0,500000.0,150.0,30.87,-90.5,3.5,True
1964.0,40.0,10.0,0.0,0.0,5000.0,10.0,34.82,-97.35,0.1,False
2019.0,40.0,100.0,0.0,0.0,50000.0,100.0,36.3156,-95.8231,0.6,False
2012.0,20.0,350.0,0.0,0.0,50000.0,350.0,38.5283,-99.3177,1.89,False
1989.0,36.0,40.0,1.0,0.0,50000.0,40.0,40.82,-72.78,0.2,True
1995.0,19.0,150.0,0.0,0.0,5000000.0,150.0,42.6,-91.68,20.0,False
2003.0,28.0,50.0,0.0,0.0,1000.0,50.0,34.95,-88.88,0.5,False
1985.0,20.0,300.0,0.0,0.0,500000.0,300.0,38.93,-99.63,10.0,False
2009.0,13.0,440.0,2.0,0.0,50000.0,440.0,31.51,-82.24,5.13,True
1963.0,17.0,200.0,0.0,0.0,5000.0,200.0,39.2,-88.25,0.3,False
2014.0,20.0,10.0,0.0,0.0,50000.0,10.0,39.8176,-101.878,0.5,False
1993.0,17.0,20.0,0.0,0.0,50000.0,20.0,42.35,-90.0,0.2,False
1952.0,5.0,10.0,9.0,9.0,500000.0,10.0,34.53,-91.8,16.2,True
2017.0,29.0,200.0,0.0,0.0,100000.0,200.0,37.1726,-93.1647,2.49,False
1970.0,20.0,10.0,0.0,0.0,50000.0,10.0,38.4,-98.9,3.0,False
2012.0,21.0,200.0,1.0,0.0,50000.0,200.0,37.7451,-87.9085,6.56,True
1996.0,46.0,10.0,0.0,0.0,50000.0,10.0,45.47,-98.42,0.3,False
2007.0,29.0,60.0,2.0,0.0,50000.0,60.0,38.61,-90.25,1.71,True
1961.0,39.0,10.0,0.0,0.0,500000.0,10.0,40.18,-84.25,0.1,False
2005.0,28.0,50.0,0.0,0.0,30000.0,50.0,32.03,-89.58,1.0,False
2002.0,42.0,200.0,0.0,0.0,50000.0,200.0,41.67,-80.43,0.2,False
1981.0,20.0,33.0,0.0,0.0,500.0,33.0,39.18,-94.9,2.0,False
2011.0,38.0,25.0,0.0,0.0,50000.0,25.0,46.17,-98.59,0.38,False
1980.0,12.0,17.0,0.0,0.0,5000.0,17.0,25.65,-80.42,0.3,False
1959.0,35.0,10.0,0.0,0.0,50000.0,10.0,35.2,-106.0,0.1,False
1993.0,29.0,40.0,0.0,0.0,50000.0,40.0,36.67,-92.35,0.5,False
2014.0,17.0,50.0,0.0,0.0,250000.0,50.0,41.5886,-88.9526,1.51,False
1989.0,34.0,30.0,1.0,0.0,50000.0,30.0,40.53,-74.35,0.1,True
2017.0,27.0,200.0,0.0,0.0,50000.0,200.0,45.3229,-92.8595,0.55,False
2005.0,31.0,45.0,0.0,0.0,50000.0,45.0,40.75,-98.85,1.5,False
2016.0,18.0,50.0,0.0,0.0,50000.0,50.0,40.6832,-85.0247,7.56,False
1991.0,35.0,10.0,0.0,0.0,50000.0,10.0,35.25,-106.68,0.2,False
1995.0,28.0,50.0,0.0,0.0,50000.0,50.0,33.1,-89.05,1.0,False
1958.0,31.0,10.0,0.0,0.0,50000.0,10.0,41.23,-103.32,0.1,False
1987.0,1.0,50.0,0.0,0.0,50000.0,50.0,33.55,-85.47,0.3,False
2008.0,18.0,75.0,0.0,0.0,70000.0,75.0,39.41,-85.41,4.09,False
1972.0,48.0,200.0,0.0,0.0,50000.0,200.0,30.63,-97.68,0.3,False
2017.0,29.0,300.0,0.0,0.0,50000.0,300.0,36.8732,-94.376,4.1,False
1998.0,8.0,100.0,0.0,0.0,50000.0,100.0,40.42,-103.9,0.5,False
1976.0,20.0,10.0,0.0,0.0,50000.0,10.0,38.7,-99.32,0.1,False
1990.0,31.0,10.0,0.0,0.0,50000.0,10.0,41.75,-103.33,0.1,False
2009.0,55.0,100.0,0.0,0.0,50000.0,100.0,42.86,-88.363,3.15,False
1996.0,30.0,10.0,0.0,0.0,50000.0,10.0,45.75,-107.6,4.0,False
1983.0,42.0,200.0,10.0,0.0,5000000.0,200.0,40.28,-79.88,38.0,True
2004.0,46.0,400.0,0.0,0.0,50000.0,400.0,44.35,-100.82,1.0,False
2008.0,29.0,800.0,0.0,0.0,50000.0,800.0,36.81,-93.78,3.77,False
1981.0,48.0,10.0,0.0,0.0,50000.0,10.0,32.33,-94.13,0.1,False
1998.0,37.0,30.0,3.0,0.0,180000.0,30.0,34.23,-77.93,0.2,True
1987.0,19.0,40.0,0.0,0.0,500000.0,40.0,40.77,-95.37,1.0,False
2022.0,55.0,50.0,0.0,0.0,50000.0,50.0,45.4741,-92.6532,0.74,False
1993.0,10.0,10.0,0.0,0.0,5000.0,10.0,38.73,-75.6,4.5,False
2021.0,42.0,100.0,0.0,0.0,50000.0,100.0,40.5347,-80.0713,0.54,False
1980.0,48.0,40.0,0.0,0.0,50000.0,40.0,29.27,-100.78,99.8,False
2009.0,55.0,25.0,0.0,0.0,50000.0,25.0,42.6084,-89.991,0.09,False
1976.0,48.0,10.0,0.0,0.0,50000.0,10.0,32.45,-97.82,0.2,False
1955.0,29.0,10.0,0.0,0.0,500.0,10.0,36.78,-89.42,0.1,False
1995.0,48.0,10.0,0.0,0.0,50000.0,10.0,33.17,-102.27,0.1,False
1979.0,31.0,10.0,0.0,0.0,50000.0,10.0,41.4,-98.42,0.1,False
1956.0,38.0,10.0,0.0,0.0,50000.0,10.0,48.8,-101.4,0.1,False
1999.0,28.0,50.0,0.0,0.0,10000.0,50.0,33.45,-90.18,1.0,False
1983.0,15.0,10.0,0.0,0.0,5000.0,10.0,21.35,-157.92,0.1,False
1985.0,40.0,10.0,0.0,0.0,50000.0,10.0,36.42,-99.53,0.1,False
2016.0,46.0,25.0,0.0,0.0,50000.0,25.0,43.26,-96.86,0.09,False
1954.0,1.0,100.0,0.0,0.0,50000.0,100.0,31.37,-85.28,2.5,False
1987.0,35.0,10.0,0.0,0.0,50000.0,10.0,36.13,-103.98,0.2,False
1992.0,27.0,80.0,0.0,0.0,50000.0,80.0,45.23,-94.07,10.0,False
1984.0,27.0,50.0,0.0,0.0,50000.0,50.0,48.08,-96.72,0.3,False
1998.0,12.0,150.0,3.0,1.0,4000000.0,150.0,29.17,-81.1,8.0,True
1984.0,40.0,10.0,0.0,0.0,500000.0,10.0,35.22,-95.57,0.1,False
1995.0,51.0,40.0,0.0,0.0,50000.0,40.0,38.62,-77.3,0.7,False
1997.0,48.0,73.0,0.0,0.0,100000.0,73.0,33.62,-97.43,1.0,False
1963.0,31.0,10.0,0.0,0.0,50000.0,10.0,42.38,-97.47,12.8,False
1998.0,1.0,30.0,0.0,0.0,50000.0,30.0,32.75,-86.83,1.0,False
1991.0,8.0,10.0,0.0,0.0,50000.0,10.0,40.33,-104.85,0.1,False
1977.0,48.0,10.0,0.0,0.0,50000.0,10.0,34.28,-99.77,0.1,False
1996.0,17.0,50.0,0.0,0.0,10000.0,50.0,37.97,-89.77,2.0,False
1988.0,26.0,50.0,0.0,0.0,50000.0,50.0,42.73,-83.45,0.5,False
1988.0,6.0,13.0,0.0,0.0,50000.0,13.0,33.6,-117.63,1.5,False
1990.0,12.0,10.0,0.0,0.0,50000.0,10.0,28.03,-81.95,0.2,False
1983.0,40.0,50.0,0.0,0.0,500000.0,50.0,34.8,-98.32,2.6,False
1996.0,22.0,25.0,0.0,0.0,50000.0,25.0,32.18,-93.72,0.5,False
1969.0,19.0,200.0,0.0,0.0,50000.0,200.0,42.07,-93.88,0.1,False
2007.0,13.0,200.0,0.0,0.0,350000.0,200.0,33.29,-84.9,4.11,False
1999.0,39.0,100.0,0.0,0.0,2500000.0,100.0,39.35,-84.18,1.5,False
1971.0,30.0,10.0,0.0,0.0,50000.0,10.0,48.45,-108.27,2.0,False
2009.0,40.0,40.0,0.0,0.0,50000.0,40.0,34.7935,-97.0309,6.8,False
1952.0,28.0,10.0,0.0,0.0,50000.0,10.0,31.62,-89.53,0.1,False
2017.0,13.0,200.0,0.0,0.0,60000.0,200.0,31.9536,-84.6755,0.59,False
2011.0,18.0,50.0,0.0,0.0,15000.0,50.0,40.4766,-86.7612,2.64,False
1976.0,38.0,20.0,0.0,0.0,5000.0,20.0,46.78,-97.35,0.3,False
1956.0,17.0,100.0,0.0,0.0,50000.0,100.0,39.65,-88.5,4.5,False
2004.0,48.0,25.0,0.0,0.0,40000.0,25.0,29.53,-95.42,0.3,False
2016.0,40.0,10.0,0.0,0.0,50000.0,10.0,35.2228,-97.2282,0.1,False
2022.0,13.0,125.0,0.0,0.0,50000.0,125.0,32.3497,-83.3145,7.62,False
2005.0,55.0,25.0,0.0,0.0,50000.0,25.0,45.47,-92.03,2.0,False
1983.0,1.0,50.0,0.0,0.0,50000.0,50.0,34.27,-86.75,0.1,False
1964.0,40.0,10.0,0.0,0.0,5000.0,10.0,36.75,-98.02,0.1,False
2014.0,17.0,85.0,0.0,0.0,7000.0,85.0,37.5092,-89.167,5.03,False
1986.0,22.0,100.0,0.0,0.0,50000.0,100.0,32.45,-91.75,0.3,False
2006.0,1.0,100.0,0.0,0.0,70000.0,100.0,33.83,-86.68,1.3,False
1980.0,16.0,67.0,0.0,0.0,50000.0,67.0,43.65,-111.8,0.1,False
1979.0,12.0,20.0,0.0,0.0,500000.0,20.0,28.0,-82.53,0.1,False
1960.0,17.0,60.0,0.0,0.0,5000.0,60.0,40.33,-89.63,2.7,False
1977.0,19.0,10.0,0.0,0.0,500.0,10.0,42.78,-96.17,1.0,False
2018.0,21.0,80.0,0.0,0.0,500000.0,80.0,37.7268,-85.9759,2.5,False
2017.0,12.0,50.0,0.0,0.0,40000.0,50.0,27.565,-81.8147,0.03,False
2015.0,48.0,50.0,0.0,0.0,50000.0,50.0,33.2071,-97.8899,0.29,False
2006.0,1.0,50.0,0.0,0.0,50000.0,50.0,31.07,-87.77,1.14,False
1970.0,35.0,10.0,0.0,0.0,500.0,10.0,35.1,-103.63,0.1,False
1975.0,37.0,100.0,6.0,0.0,50000.0,100.0,35.32,-78.67,1.0,True
1954.0,18.0,10.0,0.0,0.0,5000.0,10.0,39.52,-86.63,0.1,False
2021.0,27.0,75.0,0.0,0.0,230000.0,75.0,43.6878,-92.0736,1.77,False
1995.0,51.0,50.0,0.0,0.0,500000.0,50.0,38.15,-78.18,0.5,False
1990.0,48.0,10.0,0.0,0.0,50000.0,10.0,32.75,-98.05,0.2,False
2022.0,20.0,100.0,0.0,0.0,50000.0,100.0,39.7259,-96.64,1.71,False
1961.0,22.0,100.0,0.0,0.0,50000.0,100.0,29.7,-91.2,1.0,False
2021.0,47.0,100.0,0.0,0.0,50000.0,100.0,35.95,-86.61,2.23,False
1974.0,12.0,10.0,0.0,0.0,5000.0,10.0,26.97,-82.1,0.1,False
2011.0,47.0,250.0,0.0,4.0,650000.0,250.0,35.08,-84.95,27.95,True
1962.0,38.0,10.0,0.0,0.0,50000.0,10.0,47.3,-101.0,0.1,False
1969.0,28.0,10.0,0.0,0.0,50000.0,10.0,31.2,-90.92,0.1,False
1976.0,48.0,50.0,3.0,0.0,500.0,50.0,31.72,-94.23,37.3,True
1990.0,48.0,10.0,0.0,0.0,50000.0,10.0,31.55,-97.15,0.2,False
2009.0,40.0,250.0,0.0,0.0,50000.0,250.0,35.6631,-97.5309,5.72,False
1995.0,20.0,20.0,0.0,0.0,50000.0,20.0,39.32,-101.52,0.2,False
2014.0,40.0,50.0,0.0,0.0,50000.0,50.0,34.51,-98.49,0.12,False
1996.0,8.0,30.0,0.0,0.0,50000.0,30.0,38.75,-102.35,1.0,False
2019.0,40.0,30.0,0.0,0.0,2000.0,30.0,35.5364,-97.4595,0.2,False
2005.0,48.0,30.0,0.0,0.0,50000.0,30.0,31.08,-94.58,4.0,False
1955.0,39.0,200.0,1.0,0.0,500000.0,200.0,40.28,-81.62,3.3,True
2017.0,29.0,10.0,0.0,0.0,50000.0,10.0,36.76,-94.56,2.03,False
1999.0,31.0,400.0,0.0,0.0,380000.0,400.0,41.38,-96.78,1.5,False
1997.0,12.0,30.0,0.0,0.0,120000.0,30.0,29.13,-80.98,1.2,False
2018.0,42.0,175.0,0.0,0.0,10000.0,175.0,40.257,-79.417,0.7,False
1960.0,46.0,10.0,0.0,0.0,50.0,10.0,43.83,-97.75,0.1,False
1999.0,19.0,50.0,0.0,0.0,50000.0,50.0,42.02,-95.43,2.0,False
1994.0,48.0,10.0,0.0,0.0,50000.0,10.0,32.48,-96.8,0.1,False
1965.0,38.0,10.0,0.0,0.0,50000.0,10.0,46.9,-99.42,0.1,False
2006.0,19.0,587.0,30.0,0.0,12000000.0,587.0,41.67,-91.55,4.5,True
1980.0,5.0,27.0,0.0,0.0,50000.0,27.0,34.12,-94.07,0.1,False
1999.0,45.0,50.0,0.0,0.0,1000.0,50.0,33.12,-81.23,0.5,False
1987.0,48.0,80.0,0.0,0.0,50000.0,80.0,32.62,-101.82,2.0,False
1968.0,13.0,33.0,0.0,0.0,50000.0,33.0,32.8,-84.47,4.9,False
2016.0,47.0,100.0,0.0,0.0,25000.0,100.0,35.9651,-88.1419,2.01,False
1999.0,5.0,10.0,0.0,0.0,50000.0,10.0,35.13,-90.82,0.1,False
1974.0,17.0,10.0,0.0,0.0,50000.0,10.0,40.25,-90.67,0.1,False
1985.0,55.0,100.0,0.0,0.0,500000.0,100.0,42.92,-89.82,21.0,False
1994.0,48.0,30.0,0.0,0.0,50000.0,30.0,29.1,-97.93,0.1,False
1960.0,40.0,500.0,0.0,0.0,500000.0,500.0,35.33,-97.62,7.8,False
1960.0,17.0,130.0,0.0,0.0,50000.0,130.0,38.17,-90.0,22.3,False
1964.0,20.0,1320.0,0.0,0.0,50000.0,1320.0,38.57,-98.6,10.6,False
2009.0,47.0,100.0,0.0,0.0,100000.0,100.0,35.3556,-87.1614,1.1,False
2016.0,38.0,40.0,0.0,0.0,50000.0,40.0,48.23,-98.8,1.38,False
1972.0,19.0,100.0,0.0,0.0,50000.0,100.0,40.87,-95.83,1.0,False
2013.0,20.0,50.0,0.0,0.0,50000.0,50.0,37.0311,-97.4673,0.47,False
1986.0,40.0,50.0,0.0,0.0,50000.0,50.0,35.8,-97.55,0.1,False
2004.0,48.0,100.0,0.0,0.0,150000.0,100.0,30.2,-97.55,0.5,False
1991.0,30.0,10.0,0.0,0.0,5000.0,10.0,47.62,-105.6,0.2,False
2003.0,40.0,70.0,0.0,0.0,120000.0,70.0,35.45,-97.3,3.2,False
2006.0,29.0,300.0,1.0,0.0,800000.0,300.0,38.85,-91.32,6.0,True
1978.0,46.0,200.0,0.0,0.0,5000.0,200.0,43.43,-103.48,0.2,False
1990.0,18.0,13.0,0.0,0.0,500.0,13.0,40.85,-85.22,0.1,False
2003.0,19.0,880.0,0.0,0.0,200000.0,880.0,41.1,-91.25,16.0,False
2020.0,22.0,500.0,0.0,0.0,50000.0,500.0,31.6611,-92.4865,2.0,False
1959.0,17.0,10.0,0.0,0.0,50000.0,10.0,38.32,-89.68,7.7,False
1966.0,27.0,10.0,0.0,0.0,50000.0,10.0,44.02,-92.58,0.1,False
1991.0,18.0,20.0,0.0,0.0,500000.0,20.0,40.13,-86.6,0.2,False
1959.0,13.0,33.0,0.0,0.0,500000.0,33.0,32.65,-83.62,0.1,False
1998.0,37.0,30.0,0.0,0.0,10000.0,30.0,35.8,-78.67,0.2,False
2018.0,30.0,250.0,0.0,0.0,50000.0,250.0,48.7702,-104.5307,2.1,False
